Title,Title1,Date,Date1
CATS will make you LAUGH YOUR HEAD OFF - Funny CAT ...,https://www.youtube.com/watch?v=hY7m5jjJ9mM,31 maj 2017 - Przesłany przez: Tiger FunnyWorks,
Funny CATS - HOLD YOUR LAUGH IF YOU CAN ... - YouTube,https://www.youtube.com/watch?v=72NfSwCzFVE,4 lut 2017 - Przesłany przez: Tiger Productions,
Try Not To Laugh Challenge - Funny Cat & Dog Vines ...,https://www.youtube.com/watch?v=EtH9Yllzjcc,18 lis 2017 - Przesłany przez: CooL Vines,
You will LAUGH SO HARD that YOU WILL FAINT - FUNNY CAT,https://www.youtube.com/watch?v=WEkSYw3o5is,7 paź 2017 - Przesłany przez: Tiger FunnyWorks,
It's TIME for SUPER LAUGH! - Best FUNNY CAT videos ...,https://www.youtube.com/watch?v=pOmu0LtcI6Y,11 sie 2018 - Przesłany przez: Tiger Productions,
Top 10 Funny Cat Videos - Funny Cats 2017 - YouTube,https://www.youtube.com/watch?v=dGFSjKuJfrI,9 maj 2017 - Przesłany przez: MashupZone,
THE BEST CUTE AND FUNNY CAT VIDEOS OF 2019 ...,https://www.youtube.com/watch?v=QtC3Bo9B0yI,30 gru 2019 - Przesłany przez: Rufus,
Cats are so funny you will die laughing - Funny cat ... - YouTube,https://www.youtube.com/watch?v=5dsGWM5XGdg,24 gru 2016 - Przesłany przez: Tiger Productions,
Crazy funny CATS that will make you FAIL THIS LAUGH ...,https://www.youtube.com/watch?v=p5Vsg1CrhrI,3 mar 2017 - Przesłany przez: Tiger Productions,
The Best Cute and Funny Cat Videos This Week! - YouTube,https://www.youtube.com/watch?v=Lq8bpo9KWa8,24 kwi 2020 - Przesłany przez: Rufus,
